id,amount,latitude,longitude,m2,stratum,bathrooms,bedrooms,garage
192198745,565000000,6.2178121,-75.6040772,72.0,5,2,3,1
192122797,2700000000,6.1799446,-75.5640593,406.0,5,5,4,4
192105939,340000000,6.2352613,-75.5579044,101.0,,2,4,
192235720,285000000,6.23561,-75.6117764,52.0,4,1,2,1
192279693,340000000,6.2207997,-75.6040591,34.0,4,1,1,
192131223,630000000,6.2476376,-75.5658153,74.0,4,2,2,1
192227894,950000000,6.2459910084153,-75.598482795411,137.0,5,3,3,2
191655849,285000000,6.2465177616602,-75.611756176007,65.0,3,2,3,
192341776,212000000,6.183039,-75.649946,54.0,3,1,2,
192222354,560000000,6.2158595,-75.5987232,91.0,5,3,4,2
192189539,1190000000,6.2147156,-75.5548406,123.0,,2,2,2
192281824,900500000,6.1970487,-75.5689607,176.0,6,4,3,2
192044445,799000000,6.1986518,-75.56608,100.0,6,2,3,1
192218285,535000000,6.1900376,-75.5793401,89.0,6,2,3,1
191435795,730000000,6.2426775633778,-75.584246472679,127.0,5,2,3,1
192327910,980000000,6.2045972621308,-75.551733970642,134.0,6,4,4,2
192037663,450000000,6.2785955,-75.5819824,62.0,4,2,2,1
192308588,680000000,6.2499833,-75.5718002,88.0,5,2,3,1
192197224,850000000,6.2425643659975,-75.60808475575,158.0,5,3,4,2
191435532,570000000,6.2362199,-75.5795272,162.0,5,2,3,2
191435443,1300000000,6.1896647,-75.5792427,132.0,6,3,3,2
191435818,500000000,6.2420823,-75.5817584,91.0,5,2,3,1
192044445,799000000,6.1986518,-75.56608,100.0,6,2,3,1
191656893,365000000,6.2184671,-75.5998753,68.0,4,2,3,1
191768010,1290000000,6.2034815,-75.5716589,136.0,5,3,3,2
191381842,986000000,6.2533831,-75.5913812,161.0,5,4,3,1
192126046,240000000,6.2489844,-75.6088741,41.02,4,2,2,
192036331,1100000000,6.1985754,-75.5567906,137.0,6,3,2,2
192332262,660000000,6.2007399,-75.5698808,89.0,6,2,2,1
191735326,550000000,6.2161714262258,-75.552855328064,80.0,5,2,3,1
192281860,450000000,6.2513975416668,-75.562541543707,67.0,3,2,1,
191426003,530000000,6.2302318421189,-75.604181617749,94.0,5,2,3,
192342013,430000000,6.2724337,-75.5910094,82.0,3,2,4,1
191760520,690000000,6.2375028,-75.5911194,154.0,5,3,4,1
192085213,1450000000,6.1985754,-75.5567906,154.0,6,3,3,2
191435795,730000000,6.2426775633778,-75.584246472679,127.0,5,2,3,1
192327910,980000000,6.2045972621308,-75.551733970642,134.0,6,4,4,2
192037663,450000000,6.2785955,-75.5819824,62.0,4,2,2,1
192308588,680000000,6.2499833,-75.5718002,88.0,5,2,3,1
192197224,850000000,6.2425643659975,-75.60808475575,158.0,5,3,4,2
191435532,570000000,6.2362199,-75.5795272,162.0,5,2,3,2
191435443,1300000000,6.1896647,-75.5792427,132.0,6,3,3,2
191435818,500000000,6.2420823,-75.5817584,91.0,5,2,3,1
192044445,799000000,6.1986518,-75.56608,100.0,6,2,3,1
191656893,365000000,6.2184671,-75.5998753,68.0,4,2,3,1
191768010,1290000000,6.2034815,-75.5716589,136.0,5,3,3,2
191381842,986000000,6.2533831,-75.5913812,161.0,5,4,3,1
192126046,240000000,6.2489844,-75.6088741,41.02,4,2,2,
192036331,1100000000,6.1985754,-75.5567906,137.0,6,3,2,2
192332262,660000000,6.2007399,-75.5698808,89.0,6,2,2,1
191735326,550000000,6.2161714262258,-75.552855328064,80.0,5,2,3,1
192281860,450000000,6.2513975416668,-75.562541543707,67.0,3,2,1,
191426003,530000000,6.2302318421189,-75.604181617749,94.0,5,2,3,
192342013,430000000,6.2724337,-75.5910094,82.0,3,2,4,1
191760520,690000000,6.2375028,-75.5911194,154.0,5,3,4,1
192085213,1450000000,6.1985754,-75.5567906,154.0,6,3,3,2
191466600,850000000,6.2437536905132,-75.592963978487,166.0,5,4,3,1
192032103,650000000,6.2270441,-75.5622058,88.0,4,3,3,2
192215258,1160000000,6.1794803,-75.5706084,157.0,5,5,3,2
192139823,450000000,6.2536644,-75.6066653,106.0,,3,3,
192070677,270000000,6.2609158,-75.5989846,58.0,3,1,3,
192120972,650000000,6.2523787243339,-75.591330593175,101.0,5,2,3,2
192340853,889000000,6.2025280560664,-75.551261901855,140.0,6,3,4,2
192325734,2880000000,6.1848175,-75.5577944,280.0,6,5,4,3
192176396,840000000,6.2170406,-75.5560194,90.0,6,3,2,2
192176727,700000000,6.1824215006031,-75.570580141723,96.0,6,3,3,2
192070889,420000000,6.2455989,-75.5582149,71.0,,2,3,1
192246679,1200000000,6.1972984,-75.5582293,160.0,6,3,3,3
192326054,510000000,6.2515938,-75.5887989,77.0,5,2,2,1
192052456,318000000,6.2282326440917,-75.558943765199,58.0,4,2,3,1
192206846,208255106,6.2620619,-75.5706084,43.0,3,1,3,
191933283,568000000,6.2325312,-75.5728592,73.0,6,2,3,1
192278372,595000000,6.2381193997007,-75.599788427353,127.0,5,4,4,1
192330466,580000000,6.2289596942403,-75.56388151272,83.0,5,2,3,1
192144538,600000000,6.2403098,-75.5801539,112.0,,2,3,1
191423211,790000000,6.2429665,-75.5841683,140.0,5,4,3,2
192061820,954898303,6.2002508,-75.5465522,87.22,6,2,2,1
192125123,810000000,6.2405378,-75.5925289,85.0,5,2,2,1
191887734,470000000,6.2476376,-75.5658153,80.0,5,2,3,1
192283919,1100000000,6.1949977840172,-75.567398071289,88.0,6,3,1,2
192190523,780000000,6.2515938,-75.5887989,104.0,5,3,3,2
192064625,1152999400,6.1883558,-75.5647713,94.0,6,2,2,2
192217270,799000000,6.2322903,-75.5676977,80.0,5,2,3,1
192313894,1150000000,6.2482172,-75.5800345,246.0,6,3,3,2
191712733,1400000000,6.1981152009235,-75.556429826459,199.98,6,3,3,2
192195059,310000000,6.2272179652149,-75.559283484131,41.0,4,1,2,1
192278876,450000000,6.1821447,-75.5752712,79.0,6,2,3,1
191702331,2129000000,6.2114329,-75.5632106,234.0,6,5,3,3
191599300,490000000,6.2551252,-75.5997121,97.0,5,2,3,1
192349849,510000000,6.2295486780711,-75.591417924254,68.0,5,2,3,1
192110247,299000000,6.204939,-75.6013394,64.0,,2,3,1
192082441,270000000,6.2766075,-75.559693,215.0,,2,4,
191919650,460000000,6.2458959,-75.5958794,67.0,5,2,2,1
192222621,690000000,6.2060607,-75.575702,125.0,6,2,2,1
192241954,649000000,6.2451848,-75.595576,120.0,5,2,3,2
192190289,620000000,6.230183679718,-75.590875565815,144.0,4,3,3,1
192054172,340000000,6.2193361,-75.6117464,56.0,4,2,3,
192249072,425000000,6.2478633,-75.6125765,67.0,4,2,3,1
192118671,860000000,6.2023454,-75.5688277,108.0,6,4,3,1
192249930,350000000,6.2564077,-75.601404,60.0,4,2,2,1
192246078,468000000,6.213096,-75.573519,73.3,5,2,3,1
192232924,550000000,6.2505337,-75.5667115,131.0,4,2,3,1
192329799,995000000,6.2609653,-75.5968846,175.0,6,4,3,2
191610318,520000000,6.2705649,-75.5912004,77.0,5,2,3,1
192279907,400000000,6.2481443,-75.5615898,160.0,4,3,4,1
192029543,240000000,6.2847014,-75.6095049,53.0,3,2,3,1
191704643,500000000,6.2606091,-75.59294,118.0,4,3,3,
192217547,735000000,6.1854235,-75.575702,135.0,6,2,3,1
192292128,1600000000,6.2386625,-75.564787,143.0,6,3,3,1
192211904,750000000,6.2381531,-75.5926488,100.0,5,2,3,1
192250978,920000000,6.1913749,-75.5762322,175.0,6,3,3,2
192281293,610000000,6.1887066,-75.5815003,95.0,6,3,3,1
191275758,435000000,6.2591068,-75.6015994,84.0,4,3,3,1
192082424,650000000,6.2227431,-75.5812903,72.0,,2,3,1
192292517,235000000,6.2876651572312,-75.610135561923,47.0,3,1,2,1
192079109,255000000,6.227712066019,-75.592464439381,50.0,3,1,2,
192343603,320000000,6.2045069,-75.6055777,58.0,3,2,2,1
192093626,145000000,6.24861,-75.57425,50.0,,1,1,
192016777,770000000,6.245292912817,-75.59547874841,117.0,5,3,3,1
192333490,550000000,6.2368470637705,-75.604955893925,1.0,5,3,3,1
192156873,391000000,6.2017037,-75.6048047,67.0,4,2,3,1
192003898,450000000,6.2301797,-75.5684856,72.0,4,2,2,1
191919570,610000000,6.2186105,-75.6053896,82.2,5,2,3,1
191435403,965000000,6.2419995,-75.5958328,166.0,5,3,3,2
11021899,820000000,6.1920689,-75.5780391,134.0,6,3,4,2
192176556,770000000,6.2208376,-75.573519,85.0,5,3,2,2
192165733,460000000,6.2090645,-75.5676977,53.0,5,1,2,1
192292502,790000000,6.1690143215914,-75.579092502594,84.0,4,2,3,2
192110541,849000000,6.236876,-75.5691991,94.0,5,2,3,1
191959521,650000000,6.2476376,-75.5658153,83.0,6,2,2,1
192070850,850000000,6.2876195034867,-75.598416356133,104.0,4,2,3,1
191869347,630000000,6.246974,-75.585161,120.0,4,2,3,1
10966657,1550000000,6.182239,-75.565332,127.0,6,2,2,2
192260923,690000000,6.2293869,-75.6026222,90.0,4,2,3,1
191214044,700000000,6.2387533,-75.6080102,145.38,5,3,3,2
191470695,297000000,6.2342824,-75.583456,51.0,4,2,3,
191365110,1600000000,6.2069307,-75.5698068,311.0,,4,3,3
192171095,840000000,6.200556,-75.572222,91.0,5,2,2,2
192284193,510000000,6.2135424,-75.6071691,68.0,5,2,2,1
192206194,740000000,6.1989829,-75.5739021,69.0,6,2,2,2
192096508,335000000,6.2046217,-75.6053343,57.0,,2,3,1
192339742,920000000,6.2113381244991,-75.600657463074,95.0,4,2,3,1
192196855,1750000000,6.1939217,-75.5573628,210.0,6,5,3,2
192301131,1650000000,6.2016411,-75.5710018,178.0,6,4,3,2
192291300,730000000,6.2158604268307,-75.567483901978,71.0,6,2,2,1
192328028,530000000,6.2254614,-75.5610491,90.0,5,2,3,1
191642787,500000000,6.2687759440851,-75.588694717565,73.0,5,2,3,1
192341310,1450000000,6.1916699241733,-75.543451309204,261.0,6,3,4,
192326182,1430000000,6.1997762127392,-75.555553436279,157.0,6,4,3,3
192196648,570000000,6.2502048,-75.5977675,137.42,4,3,3,
192319027,720000000,6.2447254509928,-75.593190193176,127.0,4,3,3,1
192062655,2630000000,6.1992623,-75.5523849,248.0,6,5,3,3
192180718,510000000,6.2405617498744,-75.600786209106,91.0,5,3,3,1
192177029,450000000,6.2169056704244,-75.602159500122,73.0,5,2,2,2
191211788,1500000000,6.2412162,-75.5978643,215.0,5,4,4,2
192203935,1185000000,6.2057387,-75.5640593,182.0,6,3,3,2
191896875,890000000,6.241079987829,-75.596944955471,260.0,5,4,4,2
191943210,600000000,6.2685111,-75.5939551,96.0,4,3,4,1
192338372,860000000,6.186854327195,-75.580675385936,114.0,6,3,3,1
191993246,615000000,6.2442334,-75.6129704,121.0,5,3,3,2
191977652,1150000000,6.2065079,-75.5743273,144.0,6,3,3,1
192236165,1309282183,6.2144002,-75.5670567,86.37,6,3,2,1
191789167,900000000,6.2423547,-75.581523,121.0,5,4,4,2
192017553,1390000000,6.2020008,-75.5743607,207.0,6,4,3,3
192285035,950000000,6.2205747,-75.5745884,106.0,5,3,3,2
192281858,1400000000,6.1872007460744,-75.577386617661,264.0,6,5,3,2
192155264,899000000,6.2405,-75.6077147,133.0,5,2,3,1
192203184,665000000,6.226658,-75.5638319,98.0,4,2,3,2
192101464,210000000,6.2821677,-75.609522,48.0,,1,3,
192168344,1198000000,6.1873674,-75.5650826,121.0,6,3,2,2
192288646,1100000000,6.2419995,-75.5958328,199.0,5,4,3,2
191431526,580000000,6.2615193,-75.5537283,70.0,5,2,3,1
192224987,1350000000,6.2090645,-75.5676977,134.0,6,3,2,2
10531313,690000000,6.2661926497428,-75.59741020116,93.0,4,3,4,1
192338957,905987502,6.2090645,-75.5676977,86.0,6,3,3,1
192347875,850000000,6.216769994337,-75.556309938224,87.0,6,2,3,2
10653736,420000000,6.2612946041666,-75.588254928589,78.0,4,2,3,1
192325341,980000000,6.247342,-75.6011709,197.0,5,5,3,1
192189392,782565000,6.246974,-75.585161,105.0,5,2,3,1
192212026,550000000,6.2060607,-75.575702,74.0,6,2,2,1
192233003,450000000,6.265774,-75.593845,67.0,4,2,2,1
192314887,630000000,6.2046023,-75.565609,75.0,6,2,2,1
192304067,360000000,6.2191459,-75.5655829,60.0,5,2,3,1
192292059,535000000,6.2780615296517,-75.582609678552,68.0,4,2,3,1
191470888,860000000,6.2073083,-75.5547272,106.0,6,2,2,2
192086372,770000000,6.199939,-75.5591151,80.0,,2,2,1
191887109,1400000000,6.1858774,-75.5696242,345.0,6,4,4,4
191234296,670000000,6.2413963,-75.6139983,81.0,5,3,4,1
192277409,890000000,6.2135292,-75.5958661,145.0,5,3,3,2
192197080,385000000,6.242795007416,-75.583488007813,77.0,5,2,2,1
192211786,1800000000,6.1985754,-75.5567906,160.0,6,4,3,2
192257606,200000000,6.2816421,-75.6044626,31.0,3,1,1,
191180563,400000000,6.2476381,-75.5894583,40.0,4,1,1,
191889540,680000000,6.2476376,-75.5658153,98.0,5,2,3,2
192249161,763000000,6.2161245,-75.6084039,87.0,5,2,2,2
192337544,630000000,6.2340264306375,-75.586202582031,83.0,5,2,3,1
192281854,949000000,6.2533831,-75.5913812,162.0,5,4,3,1
191833694,930000000,6.2144773,-75.5578923,94.0,6,3,3,2
192309012,1030000000,6.1825395343825,-75.554008483887,100.0,5,3,2,2
191400252,160000000,6.1825182015114,-75.649795532227,42.0,3,1,3,
192335148,680000000,6.2236209824245,-75.572998759252,87.0,4,2,3,1
191972412,360000000,6.2110471,-75.6068991,60.0,4,2,3,1
192226369,570000000,6.2115184,-75.5984771,75.0,5,2,2,1
192091675,710000000,6.1794803,-75.5706084,82.0,,2,2,2
192343261,530000000,6.2186012,-75.60309,80.0,5,2,2,1
191502887,260000000,6.2881997,-75.575442,93.0,3,2,3,
10722806,670000000,6.24342780822959,-75.6078087740967,110.0,5,2,3,1
192186357,390000000,6.2609158,-75.5989846,48.0,4,2,2,1
191796876,1450000000,6.2491365485139,-75.589048862457,215.0,5,4,4,2
191493741,640000000,6.2324613999999,-75.5680491,87.0,4,2,3,1
192211930,680000000,6.1794803,-75.5706084,75.0,5,2,2,2
192278651,820000000,6.2419995,-75.5958328,118.0,5,3,3,1
192166942,2750000000,6.2028211,-75.5558976,234.0,,4,3,3
192165599,540000000,6.2785955,-75.5819824,67.0,4,2,2,1
192356378,660000000,6.2196506,-75.5669525,90.0,,2,3,1
191758351,2190000000,6.2052247622702,-75.553707297778,310.0,6,4,3,4
192205781,960000000,6.1864344,-75.5783364,230.0,5,5,4,2
192131115,342000000,6.2679897,-75.5904285,62.0,4,2,3,
192341110,1450000000,6.200651597038,-75.569801180694,174.0,6,4,3,2
191712764,1450000000,6.2064012,-75.5599159,154.0,6,4,3,2
192099702,495000000,6.2127859,-75.5632989,46.0,6,2,1,1
192137541,1860765888,6.1992623,-75.5523849,121.0,6,3,3,2
191435454,1595000000,6.2419995,-75.5958328,196.0,5,4,3,2
191902122,950000000,6.2090645,-75.5676977,96.0,5,2,2,2
192265030,310000000,6.2758768,-75.5966178,58.0,3,2,2,
191475224,730000000,6.2219297185515,-75.565927548232,79.0,6,2,2,2
192354492,230000000,6.2875492,-75.6113586,46.0,3,1,3,
191919343,1150000000,6.184181,-75.5787712,226.0,5,3,3,2
191354111,1000000000,6.1971822388987,-75.57326546141,112.0,6,3,3,2
191800834,350000000,6.2548771,-75.6104741,60.0,3,2,2,1
192350313,285000000,6.273585,-75.595277,63.0,4,2,3,
192229800,2850000000,6.1955805,-75.5698808,300.0,6,5,4,3
192184041,650000000,6.1934168131437,-75.577509408707,80.0,5,2,3,1
192276886,460000000,6.2132487,-75.5833616,72.0,4,2,2,1
192069685,450000000,6.2681413846395,-75.600872039795,79.0,4,2,4,1
192220881,540000000,6.2090645,-75.5676977,62.0,5,2,2,1
191832149,520000000,6.26834285619,-75.589872186312,75.0,4,2,3,1
192276667,895000000,6.2486695,-75.5997121,110.0,5,4,3,1
192207340,1250000000,6.1972207,-75.5755889,266.0,,3,4,2
10951799,899000000,6.25270933981791,-75.5907011032105,162.0,5,4,3,1
192253046,550000000,6.200719990861,-75.569039031663,103.0,6,3,3,3
192329802,1050000000,6.2049777,-75.5509809,150.0,6,1,1,3
192315245,600000000,6.2293179330797,-75.566620449738,79.0,4,2,3,1
191423035,600000000,6.2403487,-75.5832461,165.0,5,2,3,1
192256843,585000000,6.2293869,-75.6026222,95.0,4,2,3,1
10457619,820000000,6.248689,-75.5961691,107.0,5,3,3,1
192030858,750000000,6.1889384,-75.5771732,72.0,6,2,2,1
191352333,3490000000,6.1985754,-75.5567906,288.0,6,5,4,4
192355474,330000000,6.2621396,-75.5992094,54.0,4,2,3,1
192335269,325000000,6.2045069,-75.6055777,65.0,3,2,3,1
192318911,1050000000,6.1994737,-75.5680666,128.0,6,4,3,1
192110389,330000000,6.2488779063443,-75.600314771264,54.0,3,1,2,
192103860,171455354,6.2833634,-75.595808,38.0,3,1,2,
192292523,735000000,6.3054025,-75.555532,124.0,6,3,3,2
191960884,900000000,6.1958937426986,-75.569972991943,116.0,6,3,3,2
191621953,730000000,6.2094471381823,-75.558344882873,165.0,6,4,4,2
192355210,275000000,6.2740288,-75.5954575,54.0,3,2,3,
192258746,850000000,6.2340772318361,-75.60173034668,190.0,6,3,3,2
192281842,550000000,6.2540453,-75.6029188,106.0,3,3,3,
10625893,700000000,6.2618272,-75.5903737,98.25,4,3,4,1
192281821,550000000,6.1969176936149,-75.566024780273,78.0,5,2,3,1
192271416,600000000,6.2476376,-75.5658153,96.0,4,2,3,1
191784875,380000000,6.2308388,-75.6084421,100.0,4,3,4,
11103971,5200000000,6.2036159901645,-75.557012557983,408.0,6,5,3,3
192206645,480000000,6.2254614,-75.5610491,60.0,4,2,2,1
192342617,1100000000,6.2419995,-75.5958328,200.0,5,2,3,2
192188142,750000000,6.2034815,-75.5716589,403.0,5,2,2,1
10735087,1290000000,6.19029614059597,-75.5609631838921,240.0,6,5,4,4
192184223,1750000000,6.196306,-75.5533237,160.0,6,4,3,2
192176498,760000000,6.2208376,-75.573519,86.0,5,2,3,1
191737492,760000000,6.2458959,-75.5958794,138.0,5,3,3,1
192203240,2300000000,6.213583688581,-75.565775462808,297.0,6,5,4,3
192306536,615000000,6.2432569,-75.6139244,78.0,5,2,2,1
191933886,460000000,6.2636146,-75.6028849,138.0,5,3,4,1
192175516,1380000000,6.2219297185515,-75.565927548232,130.0,6,3,2,2
192276873,1260000000,6.1799446,-75.5640593,243.0,6,5,4,3
10219084,1200000000,6.2137015,-75.5669928,230.0,5,5,4,2
192059827,2880000000,6.1848175,-75.5577944,280.0,6,4,3,3
192109523,510000000,6.2249961280344,-75.566731055608,69.0,5,2,3,1
192082600,600000000,6.2242265,-75.5742138,50.0,5,2,1,1
191095844,340000000,6.246974,-75.585161,34000000.0,4,1,2,1
191466954,1420000000,6.196291954966,-75.569682266287,193.0,6,3,3,2
192299487,520000000,6.2476376,-75.5658153,85.35,5,2,3,1
192064940,285000000,6.1784844,-75.6355837,55.0,3,2,3,1
191854820,930000000,6.2410346173619,-75.597636559475,166.0,5,4,4,2
192152476,686000000,6.2363475,-75.5937472,93.2,4,2,3,1
192284026,750000000,6.2347864,-75.5902684,101.0,5,2,3,1
192122735,1330000000,6.2015669,-75.569281,153.0,,3,2,2
10975470,830000000,6.1896647,-75.5792427,85.0,6,2,1,1
191950089,365000000,6.2516291,-75.5965974,62.0,5,2,2,1
192096621,340000000,6.204868,-75.6000122,57.0,,2,3,1
192113264,340000000,6.2507861,-75.6013862,102.0,,2,3,
191476637,1350000000,6.2034597375195,-75.562405631191,134.0,6,3,2,2
192288421,470000000,6.2624436218117,-75.589202755417,75.0,4,2,3,1
192036512,890000000,6.2210961,-75.5688609,86.91,6,3,3,2
192226045,420000000,6.2687016869789,-75.603839728923,62.0,4,2,3,1
191980288,550000000,6.2579334,-75.5836076,100.0,4,2,3,1
10881068,520000000,6.2253446304338,-75.566995592736,74.0,5,2,3,1
192337910,550000000,6.2185704,-75.5998659,78.0,4,2,3,1
191329904,465000000,6.2444075,-75.6114437,158.0,5,3,4,
191920044,1350000000,6.2410722,-75.5961487,156.0,6,4,2,1
10407248,600000000,6.24413,-75.5955488,140.0,5,3,4,2
192147025,960000000,6.2040342,-75.5554861,116.0,6,2,2,2
192270740,560000000,6.2476376,-75.5658153,94.0,5,2,3,1
191955496,415000000,6.2178121,-75.6040772,66.0,4,2,3,1
191509841,1150000000,6.202540875507,-75.568080812492,135.0,6,3,2,2
191983347,340000000,6.2178121,-75.6040772,57.0,4,2,3,
192329778,830000000,6.2031611,-75.5621177,109.0,6,2,3,1
192087787,430000000,6.2485007749781,-75.601203460713,68.0,4,2,2,1
192279332,320000000,6.2178121,-75.6040772,57.0,4,2,3,
191900681,375000001,6.2195460255014,-75.60789470105,58.0,3,2,3,1
191474626,4500000000,6.2049868,-75.5587318,645.0,6,6,4,3
191725892,850000000,6.2006837,-75.5721445,93.0,6,2,2,2
192265496,215000000,6.2801359,-75.6000077,46.0,3,1,2,
10894403,2200000000,6.1999553,-75.5699759,192.0,6,3,3,2
192322624,375000000,6.2649415,-75.6066007,64.0,4,2,2,1
192342239,1200000000,6.2420801113609,-75.595688616364,192.0,5,4,4,2
191692510,650000000,6.2476376,-75.5658153,108.0,5,3,3,1
191564215,470000000,6.2397195,-75.5978362,71.0,5,2,2,1
10308103,700000000,6.24226235412373,-75.6057051124695,123.0,5,3,3,1
192332098,200000000,6.2452387,-75.6173257,42.0,3,1,2,
192120447,510000000,6.224390401609,-75.567377067901,60.0,6,2,3,1
192336565,582000000,6.2421023757226,-75.605393976224,88.0,5,2,2,2
10445659,650000000,6.2226081,-75.5777485,84.0,5,2,3,1
191909312,315000000,6.2476376,-75.5658153,63.0,3,2,3,1
192085758,650000000,6.2458959,-75.5958794,90.0,5,2,3,1
192318073,960000000,6.2178121,-75.6040772,170.0,5,3,4,2
192261424,950000000,6.2004903,-75.5679744,205.92,6,5,4,2
192273378,355000000,6.2499933,-75.604378,55.0,4,1,2,1
192329783,400000000,6.2480442,-75.5619408,163.0,4,3,3,1
192269396,1250000000,6.1835635111822,-75.563192367554,226.0,5,3,3,2
192333403,3100000000,6.2022232,-75.5515774,248.0,6,4,3,3
10901235,745000000,6.2406526,-75.5848103,124.0,5,2,3,2
192139822,550000000,6.2280212,-75.6049115,106.0,,2,3,
192110246,580000000,6.2489524,-75.5724266,154.0,,3,2,
192338275,1150000000,6.2516279,-75.5965519,210.0,6,5,4,2
192269806,450000000,6.2652072,-75.6012516,89.0,5,2,4,1
192256063,1100000000,6.1975576619286,-75.550146102905,110.0,6,3,2,2
191875592,520000000,6.254853,-75.5830193,106.0,5,3,4,1
192081600,160000000,6.2879884,-75.5989106,40.0,,1,3,
192281810,2100000000,6.2052577,-75.5645114,132.0,6,4,3,3
192246020,730000000,6.1896499,-75.576433,71.0,5,2,2,1
191862849,900000000,6.2037824,-75.5600254,152.0,6,3,3,2
192263593,1250000000,6.2399635335364,-75.592930440614,231.0,5,5,6,2
192282127,478000000,6.2330818,-75.5954974,95.0,3,3,3,
191881385,1700000000,6.1902833097155,-75.578255653381,170.0,6,3,4,3
192102752,1050000000,6.2057254,-75.5663592,156.0,6,3,3,1
191211523,975000000,6.2060820682323,-75.556859391016,93.0,6,3,2,2
192249298,650000000,6.2373533,-75.5962382,100.0,5,2,3,1
191977214,950000000,6.248298,-75.5947769,110.0,6,4,3,2
192260118,350000000,6.2031053,-75.6025973,64.0,3,2,3,1
191403889,720000000,6.2393405668614,-75.599585763641,106.0,5,4,3,2
192109737,537000000,6.2275437782536,-75.564196408689,60.0,4,2,2,1
192210621,990000000,6.1972207,-75.5755889,176.0,6,,1,2
192094858,630000000,6.2347262,-75.5931184,76.4,5,2,3,1
192277390,915000000,6.2138974142012,-75.570645261948,162.0,6,3,4,4
192136704,3720000000,6.2071505,-75.5519014,348.0,6,4,3,4
7591295,385000000,6.24757289886475,-75.5893859863281,42.0,5,1,1,
10649262,820000000,6.247518,-75.5949691,107.0,5,3,3,1
192200955,1390000000,6.241328,-75.5978342,215.0,,4,4,2
192209059,555000000,6.2314134,-75.5675039,68.0,4,2,2,1
192283193,455000000,6.2799577351363,-75.581409931183,61.0,4,2,2,1
192136746,1780000000,6.1985754,-75.5567906,157.0,6,4,3,2
192270771,790000000,6.2193175673181,-75.634349552722,101.0,4,2,3,2
192230330,530000000,6.2576315589947,-75.59796416347,144.0,4,3,4,2
191944137,1400000000,6.1924225,-75.5671747,245.0,6,3,3,2
10859509,1250000000,6.2169953,-75.5674837,136.0,6,3,3,2
192314011,570000000,6.2404253,-75.6021962,75.0,5,2,2,1
192329787,430000000,6.2382398,-75.5533528,60.0,4,2,3,1
192093637,145000000,6.24861,-75.57425,50.0,,1,1,
191957572,340000000,6.2614609930476,-75.601541348824,63.0,4,2,3,1
192303869,340000000,6.2191459,-75.5655829,56.0,5,2,3,1
192306853,850000000,6.1942997591946,-75.56396460741,113.0,6,4,4,2
192182081,1150000000,6.1877063,-75.5792927,135.0,6,3,3,2
191435513,930000000,6.2419995,-75.5958328,165.0,5,3,4,2
192329774,980000000,6.1882459,-75.5794084,134.0,6,4,3,3
192230012,1750000000,6.1937391728247,-75.555918216705,160.0,6,4,3,2
192350047,565000000,6.1477438419954,-75.610460334574,65.0,4,2,2,1
192194761,238000000,6.2330818,-75.5954974,60.0,3,1,3,
192204797,620000000,6.2380321441397,-75.607464549986,79.0,5,2,2,1
191627219,1100000000,6.2242239,-75.573253,101.0,5,2,2,1
191845088,670000000,6.2532723,-75.580991,165.0,,3,4,1
192157388,690000000,6.2438805804993,-75.613843202591,113.0,5,3,3,1
10906153,4100000000,6.1781484428637,-75.562009976652,387.0,6,4,3,3
191927551,1475000000,6.192752,-75.5685093,154.0,6,3,3,2
192281386,325000000,6.2024445,-75.602193,55.0,4,2,2,
192326766,565000000,6.2192375,-75.6040179,79.0,4,2,3,1
192329765,460000000,6.242306,-75.584468,57.0,5,2,2,1
192281846,860000000,6.2141724,-75.5822609,45.0,6,1,1,
192049560,1250000000,6.2138908812589,-75.571690869505,110.0,6,3,2,2
191980170,810000000,6.2242265,-75.5742138,79.0,5,2,2,1
192262914,1150000000,6.1886300338742,-75.56902885437,126.0,5,3,3,2
192294709,625000000,6.234862,-75.58806,76.0,5,2,2,1
192197312,590000000,6.2331692875533,-75.60297999686,170.0,4,3,3,
192329770,1080000000,6.1956664,-75.5762121,179.0,6,4,3,2
191398837,3400000000,6.2476376,-75.5658153,289.0,,6,4,3
192272312,175000000,6.2685355,-75.5688206,35.0,3,1,2,
192176593,840000000,6.2170406,-75.5560194,90.0,6,3,2,2
192225164,550000000,6.222017,-75.574141,49.0,6,2,1,1
192348741,375000000,6.268455,-75.604635,54.0,4,2,3,1
192329807,1400000000,6.2025371,-75.571825,157.0,6,2,3,2
192304248,1988517351,6.1870931,-75.5619821,125.0,6,2,3,2
191609850,990000000,6.1915574,-75.5791851,189.5,5,1,4,3
192258894,820000000,6.1950358,-75.5718309,96.0,6,2,3,2
192277369,920000000,6.239638428368,-75.593818126437,140.0,5,2,3,1
192117300,480000000,6.2666219,-75.6086126,68.74,4,2,3,1
192265921,335000000,6.2191342,-75.6123295,57.0,4,2,3,
192134771,850000000,6.2410957,-75.5935668,150.0,,4,2,2
10788989,600000000,6.252376,-75.5755883,138.0,4,3,4,1
10912690,380000000,6.2642494,-75.6006223,99.0,5,2,4,
191563561,490000000,6.267357389825,-75.593163128395,119.0,5,3,5,1
191980170,810000000,6.2242265,-75.5742138,79.0,5,2,2,1
192262914,1150000000,6.1886300338742,-75.56902885437,126.0,5,3,3,2
192294709,625000000,6.234862,-75.58806,76.0,5,2,2,1
192197312,590000000,6.2331692875533,-75.60297999686,170.0,4,3,3,
192329770,1080000000,6.1956664,-75.5762121,179.0,6,4,3,2
191398837,3400000000,6.2476376,-75.5658153,289.0,,6,4,3
192272312,175000000,6.2685355,-75.5688206,35.0,3,1,2,
192176593,840000000,6.2170406,-75.5560194,90.0,6,3,2,2
192225164,550000000,6.222017,-75.574141,49.0,6,2,1,1
192348741,375000000,6.268455,-75.604635,54.0,4,2,3,1
192329807,1400000000,6.2025371,-75.571825,157.0,6,2,3,2
192304248,1988517351,6.1870931,-75.5619821,125.0,6,2,3,2
191609850,990000000,6.1915574,-75.5791851,189.5,5,1,4,3
192258894,820000000,6.1950358,-75.5718309,96.0,6,2,3,2
192277369,920000000,6.239638428368,-75.593818126437,140.0,5,2,3,1
192117300,480000000,6.2666219,-75.6086126,68.74,4,2,3,1
192265921,335000000,6.2191342,-75.6123295,57.0,4,2,3,
192134771,850000000,6.2410957,-75.5935668,150.0,,4,2,2
10788989,600000000,6.252376,-75.5755883,138.0,4,3,4,1
10912690,380000000,6.2642494,-75.6006223,99.0,5,2,4,
191563561,490000000,6.267357389825,-75.593163128395,119.0,5,3,5,1
192152745,420000000,6.2687386073367,-75.603919029236,62.0,4,2,3,1
192332782,335000000,6.2045069,-75.6055777,70.0,4,2,3,1
191568351,760000000,6.1900376,-75.5793401,188.0,6,4,4,2
192296469,660000000,6.2423547,-75.581523,100.0,6,2,3,1
192337258,740000000,6.2372981702296,-75.593791007996,84.0,4,2,3,1
192208375,1100000000,6.2092993,-75.5595184,163.0,,2,3,3
191696644,495000000,6.2482187913005,-75.597110471514,147.0,4,3,3,
192322395,345000000,6.2008713,-75.5924338,60.0,3,2,3,1
10890816,695000000,6.2423547,-75.581523,98.0,5,3,3,1
192329768,850000000,6.2212427,-75.5684936,128.0,6,3,3,2
191468380,680000000,6.237797,-75.6025932,94.0,5,2,3,1
192100142,565000000,6.2255288,-75.5658019,72.0,,2,3,1
192322733,1100000000,6.2458959,-75.5958794,143.0,5,3,3,2
192349942,485000000,6.2297515803498,-75.59142752908,67.0,5,2,3,1
191991645,960000000,6.2102935,-75.5665166,158.0,6,3,3,2
10169459,1500000000,6.1848592,-75.5808181,242.0,5,5,4,2
191696629,695000000,6.2458959,-75.5958794,142.0,5,4,3,2
192110242,180000000,6.2005969,-75.5909132,48.0,,2,2,
192249026,650000000,6.2456325544201,-75.614266723645,92.0,5,2,3,1
192307115,1150000000,6.2337018596995,-75.594308783992,140.0,5,3,3,1
192190425,480000000,6.2126169242787,-75.594474787802,71.0,5,2,3,1
10905687,240000000,6.2474202,-75.6117327,65.0,4,1,2,
192281805,2100000000,6.2040219,-75.5588289,405.0,6,5,4,3
192301597,850000000,6.2433965,-75.5946014,150.0,5,4,2,
192113153,1490000000,6.204508,-75.563684,167.0,6,3,2,2
192281767,1300000000,6.1940974,-75.5694487,282.0,6,4,4,2
192354504,230000000,6.2433163,-75.5609077,46.0,4,1,2,
192281791,750000000,6.2413073,-75.5982798,150.0,5,3,3,2
192327892,1090000000,6.1942313311773,-75.572122333251,149.0,6,3,3,2
192281803,350000000,6.2689625656719,-75.59563100338,108.0,4,1,3,
192356339,517000000,6.256623,-75.597283,81.0,5,2,3,
192194405,650000000,6.244678,-75.592489,128.0,5,3,3,2
192281787,320000000,6.226913,-75.5686215,52.0,5,1,3,
192327881,1830000000,6.1881846565503,-75.559013750462,207.0,6,5,3,2
192281807,1100000000,6.196648,-75.5726029,126.0,6,4,3,2
192331969,440000000,6.2276215,-75.5648254,55.0,6,2,2,1
192332619,320000000,6.2045069,-75.6055777,70.0,4,2,3,1
192292498,520000000,6.2445292114763,-75.593512058258,70.0,5,2,2,1
192309023,250000000,6.2491475,-75.6083578,48.43,4,1,2,1
192281802,1150000000,6.21533,-75.568289,110.0,6,2,2,2
192327884,1270000000,6.2007572041078,-75.573436855339,220.0,6,5,3,3
191980943,530000000,6.2206025393738,-75.60250927881,74.0,5,2,3,2
191912225,330000000,6.2312060198049,-75.606651054298,64.0,4,2,2,1
10581851,2650000000,6.1941444886211,-75.571689605713,343.0,6,4,4,2
191392393,650000000,6.2198653,-75.5706363,61.0,6,2,2,1
192016220,1800000000,6.1972207,-75.5755889,260.0,6,5,7,2
11116606,1300000000,6.2401405,-75.5836866,140.0,6,3,3,1
192281800,920000000,6.2132799728171,-75.570361409336,115.0,6,3,3,2
191858850,920000000,6.2184079,-75.5654746,118.0,5,3,2,1
191422403,950000000,6.2419679,-75.5988255,150.0,5,3,4,1
10803044,500000000,6.24557090565724,-75.5849988623446,72.0,4,2,2,1
192281848,550000000,6.2471856,-75.5644914,132.0,4,3,4,1
192091967,720000000,6.2040342,-75.5554861,128.0,6,3,2,2
191491026,670000000,6.2503508,-75.5913654,92.0,4,2,2,1
191997088,240000000,6.2359598,-75.5604208,160.0,3,2,3,
7381243,680000000,6.21481704711914,-75.5546112060547,89.0,6,2,3,2
8074457,530000000,6.24763774871826,-75.5658187866211,98.0,6,3,4,2
192324519,600000000,6.2143852,-75.5567748,68.0,6,2,2,1
192324556,1350000000,6.179944,-75.561336,117.0,6,3,3,2
192338252,435000000,6.2591068,-75.6015994,84.0,4,3,3,1
7813776,1600000000,6.19092893600464,-75.5791778564453,300.0,6,3,3,2
191467171,465000000,6.2102931,-75.5887989,73.0,4,2,3,2
192308976,305000000,6.2564897,-75.610329,75.1,3,2,3,
192237119,380000000,6.251282,-75.608959,73.0,4,2,3,
10267398,1350000000,6.20260681913037,-75.5695364095398,200.0,6,4,3,2
191140392,3500000000,6.1985754,-75.5567906,440.0,6,4,3,4
8054477,550000000,6.23768663406372,-75.6009140014648,135.0,5,2,3,1
192145018,420000000,6.2608076,-75.6086804,130.0,3,3,6,
192281743,1250000000,6.1979335,-75.5769981,147.0,6,7,9,2
191215319,1780000000,6.1985754,-75.5567906,172.0,6,4,3,2
192281310,470000000,6.2588061,-75.5822201,125.0,4,2,3,
192226458,460000000,6.2160896,-75.5859456,79.0,,2,3,1
192200295,930000000,6.1950257537876,-75.563429483426,196.0,5,3,3,1
191751227,630000000,6.274372,-75.5578599,145.0,5,5,4,1
191706841,950000000,6.2486695,-75.5997121,110.0,5,4,3,1
191508629,221000000,6.2636805,-75.5681488,47.0,3,1,2,
192271703,439000000,6.2476376,-75.5658153,57.0,4,2,2,1
191917221,640000000,6.2476376,-75.5658153,81.0,5,2,3,1
191560449,1080000000,6.245959008227,-75.600365975686,142.0,5,4,4,2
10793460,500000000,6.265076997813,-75.588624940994,77.0,4,2,3,1
192225571,700000000,6.2430012,-75.6048047,185.0,5,3,4,1
191925799,1500000000,6.188821,-75.5671999,124.0,6,3,2,2
192189484,545000000,6.2409638,-75.6011672,83.0,5,2,2,2
192321618,1250000000,6.242904,-75.5945559,214.0,6,5,4,2
192097607,555000000,6.2396155,-75.600821,113.0,5,3,4,1
191386930,350000000,6.2489119,-75.6084421,90.0,4,2,3,
191688716,773500000,6.2639432,-75.5993426,120.0,4,3,3,1
192043630,1200000000,6.245934936227,-75.584217036312,120.0,5,2,3,1
191352998,515000000,6.2476376,-75.5658153,79.0,5,2,3,1
191954206,830000000,6.1916088,-75.5654802,90.0,5,2,2,2
192332190,690000000,6.2007399,-75.5698808,89.0,6,2,2,1
191539253,985000000,6.1955805,-75.5698808,93.0,6,2,2,1
192312820,1700000000,6.2083891534048,-75.569737886934,182.0,6,4,3,2
10757873,610000000,6.2669166,-75.5747615,170.0,5,3,4,2
192058553,1200000000,6.1791158814628,-75.572124109201,167.0,5,4,3,2
192087654,1340000000,6.24408,-75.59508,134.0,5,3,3,1
10253778,1220000000,6.2007399,-75.5698808,142.0,6,3,2,2
192228807,710000000,6.2204738686773,-75.607377121536,99.0,4,2,2,2
192045778,670000000,6.241337,-75.586001,105.0,5,2,3,1
191667400,800000000,6.266093,-75.5912937,154.0,5,3,5,1
191347959,1100000000,6.2002508,-75.5465522,105.0,6,3,3,2
191442265,920000000,6.2166591,-75.5566002,91.0,6,3,2,2
191872096,260000000,6.25755885,-75.549956639446,69.0,3,2,2,
192099331,260000000,6.174504437304,-75.634550062797,57.0,,2,3,
191507555,1100000000,6.1965911,-75.5532117,137.0,6,4,3,
192228181,580000000,6.2244142980195,-75.566174983978,84.0,5,2,3,1
6773819,2800000000,6.19559526443481,-75.5621643066406,390.0,6,7,4,3
191897556,1450000000,6.2436831068119,-75.611858468952,215.0,5,4,4,2
191382410,300000000,6.2476376,-75.5658153,57.0,4,1,2,
11028343,440000000,6.2481352,-75.607725,103.0,4,3,3,1
192194675,610000000,6.2060607,-75.575702,86.0,6,2,3,1
191763203,550000000,6.2447783,-75.5980101,81.08,5,2,3,1
10365771,660000000,6.18886125866814,-75.5768864914711,70.0,6,2,2,1
10348871,370000000,6.2678874,-75.5869304,87.0,3,3,3,1
191476127,800000000,6.2665446,-75.5924368,92.0,4,2,3,2
10990379,550000000,6.2476376,-75.5658153,78.0,5,2,3,1
192306271,830000000,6.2136523396601,-75.554480143494,75.3,6,2,2,1
192113559,460000000,6.2060393,-75.5604757,83.0,6,2,3,1
192170466,225000000,6.2875492,-75.6113586,51.0,3,1,3,
192297299,799000000,6.231511723113,-75.56973628413,80.0,5,2,3,1
191416334,350000000,6.2464674,-75.6147249,63.0,4,2,3,
191302647,600000000,6.2697018,-75.602525744759,96.0,6,2,2,2
191653524,450000000,6.2542844,-75.604312,115.0,3,3,4,1
7742546,450000000,6.22941493988037,-75.5952377319336,110.0,3,4,3,
192229362,520000000,6.2124260404021,-75.559329986572,69.0,6,2,2,1
192102181,1100000000,6.2453343507088,-75.59869477748,200.0,5,4,3,2
191070419,1870000000,6.1928872,-75.5709105,182.0,6,4,3,2
192016325,310000000,6.2515269,-75.5968675,63.0,4,2,2,
7641514,420000000,6.25452613830566,-75.6113586425781,114.0,3,4,5,
192144371,560000000,6.2626525753167,-75.589156673817,84.0,4,2,3,1
191256625,1100000000,6.2161401,-75.56697,200.0,6,3,4,2
192229588,730000000,6.1801715804408,-75.570616722107,121.0,5,2,3,1
192154199,300000000,6.1751121,-75.6345732,63.0,2,2,3,1
192127926,587000000,6.2476376,-75.5658153,77.0,4,2,3,1
7527996,180000000,6.28098011016846,-75.5877151489258,45.0,3,1,2,
192228290,445000000,6.198095,-75.5966723,82.0,3,2,3,1
191382002,665000000,6.2256546,-75.5616389,98.0,4,2,3,2
192248654,1600000000,6.1831912,-75.5676071,230.0,6,2,3,2
192220644,560000000,6.2040342,-75.5554861,60.0,6,2,2,1
192229333,335000000,6.2066608,-75.6020539,66.0,3,2,3,1
10557791,130000000,6.27326313263229,-75.607274405796,44.0,1,1,2,
192061731,480000000,6.216044,-75.5962791,98.0,4,2,3,1
192139751,1050000000,6.2085432,-75.5609758,182.0,6,2,3,2
192310687,630000000,6.2220772,-75.56928385,87.0,5,2,3,1
191750497,1450000000,6.2412162,-75.5978643,215.0,6,4,4,2
191720925,2600000000,6.186538397421,-75.569351341375,217.0,6,3,2,2
192270909,930000000,6.2402666,-75.5978479,166.0,5,5,4,2
192164640,240000000,6.290066,-75.6100847,47.0,3,2,3,1
192101429,850000000,6.1809886194361,-75.572090439737,152.0,6,2,3,1
192338240,215000000,6.2767185203922,-75.597737055175,46.0,3,1,2,
192354327,790000000,6.2619801,-75.5992531,100.0,4,3,3,2
191938306,730000000,6.2432555,-75.5931253,165.0,5,4,4,2
191862311,710000000,6.196124,-75.5651123,88.0,6,2,3,1
192033163,650000000,6.2291877,-75.5635966,85.0,5,2,2,1
191506566,210000000,6.1843438,-75.6427433,62.0,3,2,3,
191322979,650000000,6.2271632155538,-75.562208171637,92.0,,2,3,1
191383565,765000000,6.1841757,-75.5720625,85.0,5,2,2,1
10806435,510000000,6.2178121,-75.6040772,87.0,5,2,3,1
191360408,760000000,6.2200714,-75.574056,85.0,5,3,2,1
192226075,580000000,6.238996,-75.6036535,110.0,,2,3,1
192273329,315000000,6.204939,-75.6013394,53.0,3,2,2,1
192208936,280000000,6.2551197,-75.6241341,64.0,3,2,3,
192281411,340000000,6.221764,-75.6069872,71.0,3,2,3,1
191603571,399000000,6.2446332,-75.6111344,56.0,5,1,2,1
191507458,650000000,6.2585071,-75.583377,165.0,5,5,6,
192146754,1150000000,6.191311085246,-75.566466585457,245.0,6,4,3,2
7432010,830000000,6.26214790344238,-75.598762512207,128.0,5,2,3,1
192198722,750000000,6.2697639,-75.5959192,160.0,4,3,4,2
192093848,560000000,6.2491767,-75.5945535,86.0,5,3,3,1
191759533,400000000,6.2665446,-75.5924368,75.0,4,2,3,1
191917366,525000000,6.2751376,-75.5847564,85.0,5,2,3,1
6898014,1700000000,6.30035018920898,-75.5448684692383,192.0,6,4,3,2
192242406,455000000,6.279414951153,-75.582129718981,61.0,4,2,2,1
192016470,210000000,6.27051836,-75.60956081,51.0,4,2,2,
191878207,485000000,6.2200707,-75.5972793,66.0,5,2,3,
192083887,520000000,6.2397012,-75.5821149,86.0,5,2,2,1
191858099,620000000,6.2033813379019,-75.567398071289,157.0,6,3,3,1
192281999,630000000,6.222967,-75.561526,64.0,6,2,2,1
11107707,595000000,6.237595027817,-75.556710834987,70.0,6,2,3,1
192335324,185000000,6.2387261,-75.5667085,47.0,3,1,2,
10832338,580000000,6.225654,-75.561638,68.0,4,2,2,1
192022092,1660000000,6.2476376,-75.5658153,192.0,6,3,2,2
191507574,498000000,6.2467988,-75.5831444,123.0,4,2,5,
192358843,1250000000,6.2191110372588,-75.568164060438,148.0,6,3,3,2
192228453,710000000,6.2192442,-75.6053888,108.0,5,2,3,
191908809,420000000,6.2666219,-75.6086126,63.0,3,2,3,1
191712101,1100000000,6.208711,-75.5558434,143.0,5,3,3,2
191884455,1600000000,6.2170204,-75.553838,140.0,5,4,3,2
192287580,360000000,6.2043613,-75.600739,67.0,3,2,3,1
192228653,890000000,6.2439955,-75.5953126,134.0,5,4,4,1
10939733,900000000,6.214538,-75.568034,110.0,5,2,3,1
192230435,1700000000,6.1808832,-75.563153,203.0,6,4,3,3
192024443,990000000,6.24106,-75.5833,153.0,5,3,3,2
192228574,1600000000,6.1896646651677,-75.579135417938,136.0,6,4,3,2
192262759,700000000,6.260755,-75.5889577,75.0,5,2,3,1
191509257,900000000,6.2015343,-75.5673637,145.0,6,3,3,
192024665,1900000000,6.21033,-75.5724,321.0,6,5,6,3
8235833,230000000,6.2476376,-75.5658153,56.0,3,2,3,
11042539,2150000000,6.2697018,-75.602525744759,265.0,6,4,3,3
192109549,510000000,6.2255081,-75.5671903,60.0,5,2,3,1
7009841,500000000,6.2442206,-75.5877842,112.0,5,2,3,1
191817394,995000000,6.1999247,-75.5685962,105.0,5,3,2,2
191480018,370000000,6.2165621,-75.6063752,50.0,5,1,1,1
191607564,1250000000,6.2169333,-75.5559527,124.0,6,3,3,2
192088866,580000000,6.2601081332686,-75.587237155719,117.0,4,3,3,1
10678694,450000000,6.2495219,-75.5893844,158.0,4,6,5,
191911677,390000000,6.2313948181433,-75.606751441956,72.0,5,2,3,
10885003,600000000,6.2680778,-75.5936518,140.0,5,3,3,2
192064865,630000000,6.2120900666132,-75.572869777679,80.0,4,2,2,1
10219150,875000000,6.2444644,-75.5823963,86.0,5,2,2,1
10765726,780000000,6.19161,-75.5478503,75.0,6,2,1,2
191561172,480000000,6.251009,-75.5909816,72.0,4,2,3,1
10769335,2000000000,6.1595530882577,-75.518493321928,240.0,6,4,4,3
10965335,250000000,6.2836867262146,-75.598023781088,55.0,3,1,3,1
192231371,2580000000,6.203441,-75.5565345,278.0,6,4,3,4
191998350,510000000,6.2770312,-75.5842367,87.0,4,2,3,1
192296925,1750000000,6.2037094,-75.5827212,191.0,6,5,3,2
8259694,2650000000,6.20836400985718,-75.5571365356445,305.0,6,5,4,3
191801307,432000000,6.2511001,-75.6099855,67.0,4,2,3,1
10751290,570000000,6.24135322018565,-75.6079078190491,120.0,5,3,4,1
192268172,460000000,6.233464,-75.6076349,104.0,3,2,4,1
192228783,320000000,6.2995789,-75.589033,54.0,3,2,2,1
10651412,430000000,6.2229372,-75.6044609,85.0,3,2,3,
191706979,4090000000,6.2099588,-75.561992,406.0,6,5,3,4
192028385,800000000,6.2419406,-75.5930637,120.0,5,3,3,2
192238562,850000000,6.2476376,-75.5658153,92.0,6,2,2,1
191388910,698000000,6.21453279711,-75.557718445808,74.0,6,2,2,1
192282437,650000000,6.2399062,-75.5962906,113.0,5,2,2,2
191678438,3500000000,6.1998364,-75.5696929,357.0,6,6,5,3
192312946,548000000,6.2296433277167,-75.595753471247,161.0,3,4,4,
7656143,350000000,6.22627449035645,-75.5611724853516,56.0,4,2,3,1
192053668,1420000000,6.2102935,-75.5665166,84.0,6,2,2,1
10367592,1015000000,6.1954292,-75.561726,118.0,6,2,2,1
191635160,1750000000,6.1845025,-75.558374,182.0,6,5,4,2
10880441,899000000,6.2471656,-75.6113633,133.0,5,2,3,1
7071233,830000000,6.23446559906006,-75.5706787109375,127.0,6,4,3,2
7722925,600000000,6.19738817214966,-75.5695953369141,110.0,6,2,3,2
191598874,1350000000,6.201247133153,-75.562117590954,231.0,6,4,4,4
192330952,600000000,6.2415856138097,-75.582032203674,121.0,5,2,3,2
191933262,420000000,6.2666219,-75.6086126,62.0,4,2,3,1
191647545,2300000000,6.1884198,-75.5649674,380.0,6,6,4,4
192038995,210000000,6.2856657,-75.6096638,48.0,3,1,3,
11095676,880000000,6.2421338067375,-75.594148328568,170.0,5,2,3,2
191470674,96000000,6.281082,-75.614321,45.0,2,1,2,
191960306,275000000,6.2546632,-75.6190243,63.0,3,1,2,
191507518,170000000,6.2624173,-75.6080832,80.0,3,2,2,
191993351,1380000000,6.2131956,-75.5669246,224.0,6,3,3,3
10931446,1350000000,6.194061,-75.569445,193.0,6,4,3,2
192099458,590000000,6.2497842,-75.5633302,117.0,4,3,4,1
10570500,345000000,6.1991978670994,-75.596517327793,58.0,4,2,2,1
10937114,3270000000,6.20903,-75.56636,310.0,6,4,3,3
191470514,295000000,6.2615024,-75.5654105,55.0,4,2,2,1
192358147,695000000,6.2476376,-75.5658153,95.0,6,3,3,1
192154764,940000000,6.1954664,-75.5704613,109.0,,2,3,2
192228319,440000000,6.2790556,-75.5784611,118.0,4,3,3,
11039738,375000000,6.2763323,-75.5921599,60.0,4,2,3,1
191464664,850000000,6.2187019350066,-75.567529914212,126.0,6,4,4,2
7954563,135000000,6.25960350036621,-75.6183547973633,50.0,3,1,2,
11004989,263000000,6.2609158,-75.5989846,50.0,3,2,2,
192229724,500000000,6.1897713280725,-75.58087348938,66.0,6,2,3,1
192322053,860000000,6.1821462,-75.5657193,87.0,6,2,2,2
192229009,1800000000,6.244203,-75.5812119,252.0,6,4,3,2
192175509,730000000,6.2433382261782,-75.593193747383,165.0,5,3,3,2
192201801,670000000,6.251081,-75.58792,117.0,5,2,3,1
191781414,450000000,6.2406455,-75.601698,76.0,4,2,3,
192315899,1350000000,6.211202,-75.5592376,146.0,6,3,3,3
191822879,300000000,6.2304357,-75.5938919,60.0,3,1,2,
192228424,550000000,6.2476376,-75.5658153,92.0,5,2,3,1
191870763,1400000000,6.2241572,-75.5619384,133.0,6,3,2,2
191456095,152000000,6.2886143,-75.6048643,50.0,2,1,3,
192061761,820000000,6.2476376,-75.5658153,114.0,5,2,3,2
10159263,750000000,6.1799446,-75.5640593,155.0,6,2,3,2
11034899,420000000,6.2175858382926,-75.600100765482,69.0,4,2,3,1
191423918,800000000,6.2170406,-75.5560194,78.0,6,2,2,1
191997409,650000000,6.2178121,-75.6040772,119.0,5,3,2,2
10719336,370000000,6.2609621149713,-75.596065533092,95.0,5,2,4,
192228103,680000000,6.2407009,-75.6026655,104.0,5,3,3,1
191507165,187000000,6.2637823,-75.5693577,42.0,3,1,3,
191488759,1020000000,6.188493,-75.5662008,199.0,6,5,4,1
6322930,1250000000,6.1900376,-75.5793401,142.0,6,5,3,3
191329982,880000000,6.2407202,-75.5968132,147.0,5,2,3,1
191506304,635000000,6.2444126,-75.6055095,117.0,5,2,3,
191498763,1150000000,6.20903,-75.56636,245.0,6,3,3,2
191575918,1390000000,6.2168125,-75.5560625,148.0,6,3,3,2
191442427,950000000,6.2136915,-75.5679573,164.0,6,3,3,2
192223830,650000000,6.24272,-75.594243,154.0,5,3,3,2
191507400,152000000,6.2286935,-75.5358761,40.0,3,1,2,
192228935,620000000,6.2439955,-75.5953126,106.0,5,3,3,1
191783099,900000000,6.204192990532,-75.570807026499,151.0,6,3,3,2
191825649,480000000,6.2595919,-75.6123284,197.0,3,3,5,
192214551,945000000,6.1853128002949,-75.567462444305,133.0,6,4,4,2
191874402,1250000000,6.2010358,-75.5657366,220.0,6,3,4,3
192282577,950000000,6.2192764255451,-75.5677637,126.0,6,4,3,2
191506287,600000000,6.2376959,-75.5929876,110.0,5,2,4,
192355822,800000000,6.2124260404021,-75.559329986572,75.0,6,2,2,1
192256345,650000000,6.2458959,-75.5958794,93.0,5,2,3,1
191819446,370000000,6.2812999,-75.5814646,79.0,3,2,3,
192297240,540000000,6.2006197,-75.5636832,98.0,5,2,4,1
191748913,1500000000,6.2476376,-75.5658153,150.0,6,5,4,3
191981237,570000000,6.2210578071767,-75.578149161442,75.0,4,2,2,1
192313170,940000000,6.195029013881,-75.571595009217,110.0,6,2,3,2
192228742,775000000,6.2188041687816,-75.568127632141,125.0,6,3,3,2
191640113,410000000,6.147309,-75.619379,55.0,4,2,2,1
192228112,1520000000,6.2407009,-75.6026655,167.0,5,4,3,2
191509083,159500000,6.2303334,-75.557165,37.0,3,1,2,
10965295,390000000,6.3159707,-75.5690394,80.0,4,2,3,
6025405,1050000000,6.20582342147827,-75.5504608154297,109.0,6,3,3,2
191780945,1310000000,6.2010358,-75.5657366,147.0,6,2,2,2
192319049,1060000000,6.2069127,-75.5697941,154.0,6,3,3,2
192224698,325000000,6.201795,-75.606042,55.0,2,2,2,1
192257952,381000000,6.1446506922023,-75.616784120728,56.0,4,2,3,1
191506283,975410000,6.187587,-75.5784202,130.0,6,5,3,1
192093799,650000000,6.2427589,-75.5960745,126.0,4,2,3,2
191057125,350000000,6.2476716,-75.5928653,47.77,5,1,2,1
192313910,695000000,6.1984856146047,-75.569114685059,103.0,5,2,2,1
192117999,650000000,6.2113088,-75.5956901,110.0,5,3,4,2
191911650,750000000,6.2132366429465,-75.60831785202,73.0,4,2,2,1
192228336,700000000,6.263256930493,-75.587503910065,76.0,4,2,3,1
191962407,360000000,6.2678063077537,-75.602353828973,79.0,4,2,4,1
192058030,1700000000,6.2090645,-75.5676977,278.0,5,3,3,2
191863863,1350000000,6.1871142,-75.560014,210.0,6,3,3,2
192228693,680000000,6.2192442,-75.6053888,99.0,4,2,3,1
192277095,850000000,6.2458959,-75.5958794,168.0,5,4,4,1
192148266,360000000,6.2731275,-75.607902,55.0,4,2,2,1
191838109,165000000,6.2303334,-75.557165,37.0,3,1,2,
11002408,560000000,6.2348275,-75.5695568,69.0,5,2,3,1
192347712,830000000,6.222693359583,-75.574606962304,80.0,6,2,2,1
191433577,1300000000,6.2114399840177,-75.566650021619,205.0,6,4,5,2
192228971,1600000000,6.181439,-75.5619899,182.0,6,3,3,3
191959206,1000000000,6.2450233,-75.5825954,145.0,5,2,4,1
191509673,1150000000,6.1970487,-75.5689607,175.0,6,3,3,
7096365,670000000,6.18471002578735,-75.5750427246094,137.0,3,2,3,2
192277384,350000000,6.2421185,-75.5594757,33.0,3,1,2,
191279096,265000000,6.2567381,-75.5599598,59.0,4,2,3,
6249279,840000000,6.2205958366394,-75.5659408569336,136.0,6,4,3,2
191948375,730000000,6.224157,-75.561938,78.0,6,2,2,2
191382227,777000000,6.2476376,-75.5658153,95.0,5,2,2,1
192195885,315000000,6.2178121,-75.6040772,50.0,4,1,2,1
192247200,850000000,6.289635,-75.578265,201.0,5,4,5,2
7817457,440000000,6.25124931335449,-75.5759887695312,105.0,5,3,4,1
10798607,260000000,6.207945,-75.5928211,49.0,3,1,2,1
191304639,1250000000,6.1834842470514,-75.566203602388,243.0,6,5,4,3
191701738,325000000,6.2511206,-75.6133476,75.0,4,1,3,
191884287,430000000,6.256157982282,-75.594979010334,60.0,5,2,3,1
11068264,445000000,6.2356699,-75.5969401,89.0,4,1,1,1
192346771,850000000,6.289020009008,-75.596679991855,203.0,5,3,3,1
8243346,520000000,6.2389876,-75.6052172,106.0,5,2,3,1
191767419,630000000,6.2435542,-75.6055261,104.0,5,3,3,2
8116665,150000000,6.27504587173462,-75.6193084716797,45.0,2,1,2,
191503036,1310000000,6.2193355,-75.560646,270.0,6,5,4,3
10959493,750000000,6.239527773077,-75.590953334678,135.0,4,3,3,2
192347405,250000000,6.293972184087,-75.569324854561,47.0,3,1,3,1
10798366,1723000000,6.2093009,-75.5546304,120.0,6,3,2,2
192178910,1100000000,6.1819424,-75.56409,120.0,6,3,2,1
191842147,1830000000,6.201866761694,-75.568685531616,212.0,6,4,2,2
191907568,670000000,6.2537127,-75.595347,142.0,5,4,3,2
191810608,980000000,6.2202912,-75.5694928,146.0,6,3,3,2
192228471,715000000,6.2476376,-75.5658153,84.0,5,2,3,1
191862065,1660000000,6.2060607,-75.575702,284.0,6,6,6,2
191508881,375000000,6.2019303,-75.6020538,68.0,4,2,3,
10987931,530000000,6.2452834,-75.59101,103.0,5,2,3,
192335063,675000000,6.2265466,-75.5637636,75.0,4,2,3,1
7596189,290000000,6.22016620635986,-75.5986557006836,86.0,3,2,3,
192149658,680000000,6.2463404,-75.5955318,108.0,5,3,5,1
192292485,990000000,6.2083717056649,-75.546921248169,109.0,6,3,3,2
191405674,1000000000,6.2161401,-75.56697,182.0,6,3,3,2
10145196,980000000,6.2119725,-75.5663325,130.0,6,3,3,2
191457007,655000000,6.2476376,-75.5658153,135.0,5,4,3,1
191967730,1120000000,6.2185481918748,-75.569007396698,150.0,6,2,3,2
191997244,620000000,6.2144773,-75.5578923,64.0,6,2,3,1
10860768,490000000,6.2520525714098,-75.58391308702,97.0,4,2,2,1
8248945,980000000,6.2035914,-75.5815344,220.0,6,4,3,
10936956,610000000,6.2161164,-75.5604887,79.0,5,2,2,1
192281817,1250000000,6.1969471,-75.5866827,91.0,6,3,2,2
192165802,1390000000,6.1815571,-75.5627436,167.0,6,3,3,2
192228478,1380000000,6.1955805,-75.5698808,140.0,6,3,3,2
10569603,350000000,6.2490465711341,-75.61168790037,65.0,4,2,4,
10988013,960000000,6.1871142,-75.560014,134.0,6,3,3,2
192024779,620000000,6.1917793,-75.5799377,53.0,6,1,1,1
191484298,610000000,6.2407797647776,-75.579171574675,154.0,5,3,4,1
192279219,750000000,6.189002,-75.577232,72.0,6,2,2,1
191507879,151700000,6.1814451,-75.6491235,42.0,3,1,2,
10478819,750000000,6.2480234,-75.6087718,141.0,3,2,3,
10994682,790000000,6.2664827,-75.5901646,92.0,4,3,3,1
192077582,1500000000,6.2299029,-75.5593534,289.0,6,5,4,2
191507864,320000000,6.2659753,-75.601904,79.0,4,2,3,
191138763,597600000,6.237177,-75.5872385,60.5,5,2,2,1
191470777,350000000,6.1986898,-75.6060497,65.0,4,2,3,1
10700839,4500000000,6.1846465,-75.568972,770.0,6,7,6,
192202963,380000000,6.2640102,-75.5997617,50.0,5,2,2,1
191488966,370000000,6.1896958,-75.5814499,105.0,5,3,4,1
192186708,695000000,6.2449984791404,-75.593018531799,107.0,5,3,3,1
192094796,650000000,6.2660657,-75.5945863,160.0,5,3,4,1
192351549,320000000,6.213316,-75.615464,57.0,3,2,3,1
192145096,240000000,6.2798529,-75.6389283,70.0,3,2,3,
191748755,140000000,6.2950076,-75.586947,35.29,1,1,2,
191442257,2900000000,6.2064267,-75.5680678,145.0,6,4,3,2
10913316,550000000,6.237854,-75.582831,100.0,5,2,3,1
191389287,964000000,6.2410544,-75.5819095,131.0,5,2,3,1
7628862,590000000,6.1854235,-75.575702,100.0,6,3,2,2
191922525,2050000000,6.1893709,-75.5623238,335.0,6,5,4,3
191920700,2390000000,6.1998364,-75.5696929,230.0,6,4,3,2
192229228,540000000,6.2174816200884,-75.603811740875,78.0,5,2,3,1
192157072,430000000,6.2291849,-75.5636279,67.0,5,2,3,
192230623,420000000,6.2761065,-75.585292933874,95.0,4,3,3,1
191506866,160000000,6.2823192,-75.6101364,42.0,3,1,2,
192301826,1120000000,6.2156980911722,-75.56530693673,125.0,6,4,3,2
191475127,930000000,6.2193516743081,-75.562148093741,105.0,6,3,3,2
191211387,200000000,6.2231857,-75.6095515,49.2,2,1,2,
192220849,1200000000,6.2008317,-75.5706097,143.0,6,3,3,2
192327497,380000000,6.2440164,-75.5605916,116.0,4,2,4,
7383101,850000000,6.2395544052124,-75.5967559814453,227.0,5,6,4,3
191106109,300000000,6.2707736,-75.600117,55.0,4,2,3,1
10988370,1400000000,6.2136466,-75.5582035,223.0,6,4,3,3
191478581,800000000,6.2040342,-75.5554861,88.0,6,2,2,1
192211762,220000000,6.1840318,-75.6434283,65.0,3,2,3,
192241233,590000000,6.2083967,-75.5657952,63.0,6,2,1,1
192096642,580000000,6.1748429,-75.5895265,96.0,5,2,3,1
192337816,455000000,6.2476376,-75.5658153,105.0,4,2,4,1
192134757,962500000,6.2185898,-75.5577209,86.0,,1,1,1
192275661,655000000,6.1906956,-75.5587671,90.0,4,2,3,1
191913265,650000000,6.1854235,-75.575702,96.0,6,2,2,2
191508749,660000000,6.2579934,-75.5834793,168.0,4,3,6,
191423002,680000000,6.1814709,-75.5668261,78.0,5,2,3,2
191720986,3930000000,6.210025998862,-75.561888010968,406.0,6,4,3,4
192254567,790000000,6.227064689727,-75.559829080272,78.0,6,2,2,2
192228929,750000000,6.2178121,-75.6040772,140.0,4,4,4,1
192038095,530000000,6.213367863658,-75.607012070532,68.0,5,2,2,1
10785291,610000000,6.2225871,-75.5682544,95.0,5,3,4,1
192229772,250000000,6.2846711,-75.6094601,54.0,3,2,3,1
191930307,385000000,6.2423547,-75.581523,105.0,6,2,3,1
191648126,570000000,6.237562,-75.60013,80.0,4,3,2,1
7704865,670000000,6.20221614837646,-75.5561676025391,120.0,6,3,3,2
191913001,490000000,6.2434011910253,-75.614953103042,80.0,5,2,3,1
191791690,1250000000,6.2171195,-75.5558903,123.0,6,3,3,2
192215044,285000000,6.2707736,-75.600117,65.0,4,1,3,
192289979,390000000,6.2292138696273,-75.568052693239,52.0,4,2,2,1
192270853,920000000,6.2374151,-75.6084876,158.0,5,3,3,2
8260730,400000000,6.2391692,-75.592917,90.0,5,4,4,1
192228754,950000000,6.2476376,-75.5658153,99.0,5,2,3,2
191524282,980000000,6.2476376,-75.5658153,134.0,6,3,3,2
191405110,560000000,6.1998645,-75.5963797,90.0,4,2,3,1
191519822,830000000,6.200129,-75.5649121,117.0,6,3,3,2
191613040,580000000,6.2557987,-75.6062802,107.0,5,2,3,1
191455289,175000000,6.2569541,-75.5495046,54.0,3,2,2,
191398841,3550000000,6.2117366,-75.587089,304.0,6,6,4,3
192024715,3000000000,6.19376,-75.57118,460.0,6,6,4,3
191521815,425000000,6.2218304,-75.5684884,56.0,5,2,2,1
192008833,790000000,6.2634827,-75.5871646,92.0,5,3,3,2
191506693,780000000,6.2421058,-75.605098,135.0,5,2,3,
191386850,520000000,6.2700266,-75.5913909,71.0,4,2,3,1
7862849,1200000000,6.2090645,-75.5676977,230.0,6,5,3,3
10187680,560000000,6.2423547,-75.581523,97.0,5,3,3,3
191515446,225000000,6.2609158,-75.5989846,50.0,3,2,2,
191755824,345000000,6.3124703,-75.5630591,81.0,4,2,3,
11070822,610000000,6.2390399,-75.60687,100.0,5,3,3,2
192126692,510000000,6.224390401609,-75.567377067901,58.0,5,2,3,1
7179649,650000000,6.1799446,-75.5640593,87.0,6,2,1,1
191769860,220000000,6.2726957194437,-75.548791997021,100.0,2,1,4,
192114351,420000000,6.286374,-75.586613,79.0,3,2,3,
191979954,265000000,6.270421,-75.5968475,68.0,4,2,3,1
191306819,800000000,6.2655367252231,-75.589531914063,106.0,4,2,3,1
192156032,460000000,6.2254934,-75.5596476,60.0,4,2,2,1
192339293,230000000000,6.2020648,-75.567078,112.0,6,2,2,1
7814774,1700000000,6.18711185455322,-75.5772399902344,202.0,6,3,2,2
192229021,450000000,6.2752367,-75.5968494,113.0,4,2,3,1
191442938,600000000,6.2449831,-75.5850132,125.0,4,4,3,1
192095605,499000000,6.2496748,-75.5867233,70.0,5,2,2,1
191186020,660000000,6.2601283,-75.5938919,205.0,5,2,4,1
11014004,360000000,6.2698766512612,-75.603912120288,55.0,4,2,2,1
10661609,595000000,6.2161401,-75.56697,95.0,5,3,,
192313020,1450000000,6.2046158,-75.5729447,208.0,6,4,4,2
191333554,378000000,6.2051394,-75.6036795,68.0,3,2,3,1
10674303,1250000000,6.2137015,-75.5669928,230.0,6,5,3,2
192232237,270000000,6.2338014,-75.5524157,92.0,3,2,3,1
192149618,250000000,6.2713975,-75.6036453,38.0,4,1,2,
192229653,300000000,6.2621396,-75.5992094,54.0,4,2,3,
191700384,570000000,6.26671,-75.5938037,108.0,4,3,4,1
191787753,1270000000,6.2189630472055,-75.567495243065,136.0,6,5,3,2
192342902,1500000000,6.1858179887365,-75.571926856015,345.0,6,5,5,4
191630179,580000000,6.2279582,-75.6041357,95.0,5,3,3,1
191799738,1120000000,6.2151635,-75.5658229,126.0,,3,3,2
191405970,350000000,6.2555692,-75.6132769,90.0,,2,2,1
192289516,680000000,6.1882052,-75.5758274,102.0,6,2,3,1
191380619,665000000,6.2270441,-75.5622058,98.0,4,2,3,1
192109259,480000000,6.2396709162664,-75.593841848298,65.0,5,2,2,1
192154615,2200000000,6.2159695503259,-75.567269325256,260.0,6,4,3,2
192214841,520000000,6.21140495,-75.59421575,802.0,4,3,4,
192336118,2500000000,6.2119967,-75.5781211,350.0,6,5,3,2
192349184,425000000,6.2510923,-75.6101194,67.0,4,2,3,
192304971,385000000,6.2275166,-75.5587685,60.0,4,2,3,1
192254995,755000000,6.240439,-75.5986009,111.0,5,3,3,2
192058663,1490000000,6.1986987340505,-75.559405063061,180.0,6,3,3,2
191604655,480000000,6.2376536,-75.598417,60.0,5,1,2,1
191984940,1300000000,6.1799446,-75.5640593,148.0,4,4,3,2
192316860,3300000000,6.2115271551613,-75.561178038645,306.0,6,5,3,3
7431466,580000000,6.2615193,-75.5537283,70.0,5,2,3,1
191716279,700000000,6.2161401,-75.56697,104.0,6,2,3,1
191878586,2200000000,6.2055206,-75.5680354,363.0,6,4,4,
192143024,780000000,6.1994601,-75.5776064,140.0,6,3,3,1
192347545,1050000000,6.2398791728059,-75.592975616455,115.0,6,4,3,2
5839710,400000000,6.29203605651855,-75.5434036254883,102.0,4,3,4,
191994864,890000000,6.2185386762824,-75.567331666656,120.0,6,2,3,1
191612793,800000000,6.2440513214738,-75.596496613179,131.0,5,4,3,1
191575345,385000000,6.1425779,-75.6215551,65.0,4,2,2,1
191602450,233000000,6.1849958,-75.6455729,69.0,3,1,3,
192215384,630000000,6.2218107,-75.577847,83.0,,2,3,2
191455941,160000000,6.2939617,-75.5776512,47.0,3,1,2,
191571808,180000000,6.2303334,-75.557165,37.0,3,1,2,
10685735,1300000000,6.2461008,-75.6021567,197.0,5,3,3,1
7759223,700000000,6.18470048904419,-75.5698394775391,145.0,6,3,3,2
192293459,285000000,6.2504282,-75.6157272,75.0,3,2,3,
191851087,295000000,6.2520131,-75.6036682,50.0,4,2,2,
8001155,230000000,6.24763774871826,-75.5658187866211,47.0,3,2,3,
192159006,530000000,6.2609158,-75.5989846,138.0,4,3,4,1
191278004,909339318,6.221083,-75.568914,86.0,6,3,3,1
192271191,250000000,6.2476376,-75.5658153,96.0,3,2,3,
191505197,230000000,6.2609158,-75.5989846,40.0,3,1,2,
7979374,2950000000,6.2070249,-75.5655785,428.0,6,5,5,3
191508177,210000000,6.2380741,-75.5667044,48.0,3,1,2,
192230074,348000000,6.2049609,-75.6013877,54.0,4,2,2,1
191255624,1300000000,6.1871142,-75.560014,220.0,6,3,3,2
191750542,1100000000,6.192894,-75.566624,118.0,6,4,3,2
191399295,850000000,6.2349301,-75.5945239,124.0,5,2,3,1
192080324,330000000,6.2444401908629,-75.559122462227,64.0,3,2,3,
191913103,260000000,6.2759539,-75.5962634,65.0,3,2,3,1
192190760,620000000,6.2486695,-75.5997121,130.0,5,4,4,1
192317509,1430000000,6.1965911,-75.5532117,156.0,6,4,3,2
191712827,990000000,6.2079322,-75.5542673,109.0,6,3,3,2
191382391,410000000,6.2364797,-75.5904746,95.0,4,2,1,1
192029639,1450000000,6.1873674,-75.5650826,153.0,6,4,3,2
192022801,460000000,6.2322209180827,-75.591991471696,102.0,5,2,3,
192292489,1480000000,6.134205,-75.5315369,154.0,,3,,2
192228892,505000000,6.2654112150313,-75.603210926056,75.0,5,2,3,1
191861291,2950000000,6.1886301,-75.572552584101,240.0,6,4,2,3
191455268,245000000,6.2557383,-75.5619689,55.0,4,2,2,
11072844,750000000,6.205405851922,-75.561335727368,116.0,6,2,3,2
192281661,1990000000,6.2406053805102,-75.598026947482,435.0,6,9,8,5
191780883,690000000,6.243801,-75.599082,100.0,5,2,3,1
10639575,310000000,6.2659753,-75.601904,80.0,5,2,3,1
191954417,710000000,6.2586203,-75.5936514,181.0,5,4,3,1
191462694,900000000,6.2423547,-75.581523,136.0,5,4,3,2
192317513,2100000000,6.206159,-75.5883783,262.0,6,5,3,2
8202720,260000000,6.2857591664981,-75.610098838806,46.0,3,1,3,1
192133645,565000000,6.2332729,-75.5691172,63.0,6,2,3,
192317626,420000000,6.2432572372447,-75.559651851654,65.0,4,2,2,
191956541,1990000000,6.20903,-75.56636,191.0,6,4,4,2
10502025,120000000,6.2733212,-75.6288621,60.0,2,1,2,
191508061,200000000,6.2380741,-75.5667044,40.0,3,1,2,
191979590,920000000,6.2233647,-75.5723207,103.0,5,3,3,2
192128117,410000000,6.20903,-75.56636,26.0,6,1,1,
10686976,1750000000,6.2005539,-75.567779,315.0,6,4,5,2
192212847,350000000,6.2788556,-75.5830744,80.0,3,2,3,
191597203,445000000,6.1826781,-75.5755201,85.0,6,2,3,1
191960599,460000000,6.2520211,-75.5947331,95.0,5,3,3,
192228513,1140000000,6.1955805,-75.5698808,122.0,6,3,2,2
10944427,1050000000,6.1956285,-75.5656179,105.0,6,3,3,2
191754458,970000000,6.2029216,-75.5777918,135.0,6,3,3,2
191980041,590000000,6.2221934,-75.5738274,70.0,5,2,3,1
192241332,2200000,6.249226,-75.562719,86.0,4,2,2,
8178115,420000000,6.23996449498813,-75.5870962142944,97.0,4,2,3,1
191382315,900000000,6.2476376,-75.5658153,240.0,5,5,5,2
192313158,1350000000,6.183516721327,-75.571796258712,160.0,6,4,2,2
192076533,600000000,6.2036022640984,-75.576303724339,86.0,5,3,3,1
191936776,1450000000,6.1857218,-75.5720452,183.0,6,3,3,3
191911738,610000000,6.1855314001922,-75.580830574036,95.0,5,2,3,1
192279744,1490000000,6.1886060085518,-75.563607469312,180.0,6,4,3,2
191751270,480000000,6.2283499,-75.5670283,80.0,5,2,2,1
191120675,1100000000,6.2151635,-75.5658229,120.0,6,3,3,2
191938197,1150000000,6.2303363,-75.5608971,200.0,6,4,3,2
8095365,650000000,6.2161401,-75.56697,95.0,6,2,3,
10902696,650000000,6.2060607,-75.575702,139.0,6,2,3,1
192125474,2200000000,6.2055652,-75.5674274,375.0,6,4,4,3
191744548,1485000000,6.1871142,-75.560014,154.0,6,3,3,2
192183884,585000000,6.2419695622696,-75.579230795016,122.0,5,3,3,2
10656558,1950000000,6.184623,-75.556775,262.0,6,5,3,2
191687097,460000000,6.2324613999999,-75.5680491,89.0,4,2,3,1
192183236,545000000,6.2178121,-75.6040772,74.0,5,2,3,2
192239424,440000000,6.2192317722484,-75.609092128326,66.0,4,2,3,1
191272192,1300000000,6.2044351389321,-75.572232983733,290.0,6,4,4,
191370926,815000000,6.2348523,-75.5902541,102.0,5,2,2,2
10721389,715000000,6.2551252,-75.5997121,125.0,4,2,3,1
10909029,180000000,6.2805245,-75.556631,61.0,3,1,2,
191660715,800000000,6.1969717,-75.584828,126.0,6,3,3,2
192073458,520000000,6.2476376,-75.5658153,87.0,5,2,3,1
192252951,450000000,6.25453,-75.5609141,149.0,4,3,5,
10965306,480000000,6.2267056,-75.5709415,72.0,4,2,3,1
191658628,1700000000,6.2147156,-75.5548406,301.0,5,4,3,2
10237227,560000000,6.2322903,-75.5676977,127.0,5,2,3,1
191746471,545000000,6.264540410972,-75.590382792297,85.0,4,2,3,1
192114230,710000000,6.2423547,-75.581523,120.0,5,4,3,2
191667486,220000000,6.236999541012,-75.546927452087,46.0,3,1,3,
191506553,210000000,6.2878311,-75.5675036,67.0,3,2,3,
10894694,375000000,6.2675381,-75.6036345,73.0,3,2,3,1
192317117,480000000,6.2233647,-75.5723207,44.0,5,2,1,1
192354874,330000000,6.2484668,-75.5997121,54.0,4,1,,
192228423,420000000,6.2799577351363,-75.581409931183,86.0,4,2,3,1
191375114,510000000,6.2244871,-75.5673844,59.0,4,2,3,1
192228569,740000000,6.2399629,-75.6057068,114.0,5,3,3,1
191436808,595000000,6.2438283,-75.611352,113.0,,2,2,2
11066713,850000000,6.2676472,-75.5968684,185.0,4,4,5,
191455226,145000000,6.2598249,-75.6259262,47.0,1,1,2,
191763363,1200000000,6.1799446,-75.5640593,167.0,6,4,3,2
191940390,1500000000,6.2020270008346,-75.569134301679,253.0,6,5,3,3
191939948,170000000,6.2476376,-75.5658153,40.0,3,1,1,
192305408,550000000,6.2476376,-75.5658153,70.0,5,2,1,1
192191943,485000000,6.2520744,-75.5933652,149.0,3,2,3,
192228159,520000000,6.2476376,-75.5658153,160.0,4,2,3,
191727759,1600000000,6.2220465321468,-75.567591190338,267.0,6,4,3,2
